{
  "$schema": "https://json-schema.org/draft/2020-12/schema",
  "title": "Helix Spine v1",
  "type": "object",
  "required": [
    "spine_id",
    "timestamp_utc",
    "topic",
    "claim",
    "rationale",
    "confidence",
    "version"
  ],
  "properties": {
    "spine_id": {
      "type": "string",
      "minLength": 3
    },
    "timestamp_utc": {
      "type": "string",
      "format": "date-time"
    },
    "topic": {
      "type": "array",
      "minItems": 1,
      "maxItems": 4,
      "items": {
        "type": "string"
      }
    },
    "claim": {
      "type": "string",
      "maxLength": 280
    },
    "rationale": {
      "type": "string",
      "maxLength": 320
    },
    "evidence_refs": {
      "type": "array",
      "items": {
        "type": "object"
      }
    },
    "stance_vector": {
      "type": "array",
      "maxItems": 3,
      "items": {
        "type": "object"
      }
    },
    "confidence": {
      "type": "number",
      "minimum": 0,
      "maximum": 1
    },
    "context_budget_tokens": {
      "type": "integer",
      "minimum": 0
    },
    "links": {
      "type": "object",
      "properties": {
        "prior_spines": {
          "type": "array",
          "items": {
            "type": "string"
          }
        },
        "next_actions": {
          "type": "array",
          "items": {
            "type": "string"
          }
        }
      },
      "additionalProperties": true
    },
    "tags": {
      "type": "array",
      "items": {
        "type": "string"
      }
    },
    "notes_short": {
      "type": "string",
      "maxLength": 160
    },
    "version": {
      "type": "integer",
      "minimum": 1,
      "maximum": 1
    }
  },
  "additionalProperties": true
}